Mobile,Image_Url,Prices,Refurbished,Stores,Delivery,Timestamp,Product_Url
"Samsung Galaxy M40 128GB (Seawater Blue, 6GB RAM)",https://encrypted-tbn0.gstatic.com/shopping?q=tbn:ANd9GcR4CyZ5RZ2E3FIKF9dVp4w_h0OTulBiKYfVK-g0nvwRnIkYjVTidVUp0odFnWUwHwekeKdxX55xrG1I7bpkKE5qkk7FH3jIBX7Ll8j0Gw&usqp=CAE,"₹21,450.00",--,Gadgets Now,Free delivery,2022-12-25 20:00:37.475433,https://www.google.com/aclk?sa=l&ai=DChcSEwjtn4nd_ZT8AhXbfCsKHQspDRAYABABGgJzZg&sig=AOD64_2RpUW-TqCl9_S7L_tL2vCRnmk8yA&ctype=5&q=&ved=0ahUKEwiq0IPd_ZT8AhUk1TgGHS6kA5IQww8I-gw&adurl=
Samsung Galaxy F42 5G Matte Black 128GB 6GB RAM,https://encrypted-tbn0.gstatic.com/shopping?q=tbn:ANd9GcRVKGxKC6BNaMJp1J1OHoTzlcDQMXKPIw01dBTIhApvTxfQjV9egb4ayO4J_1unDwnIZ1qH3lJAyHwk-vcoiTtB39x6bGh1iEYRfGTBPxs&usqp=CAE,"₹13,599.00",--,vlebazaar,Free delivery,2022-12-25 20:00:37.475433,https://www.google.com/aclk?sa=l&ai=DChcSEwjtn4nd_ZT8AhXbfCsKHQspDRAYABADGgJzZg&sig=AOD64_0RL8EstbC4K5GIRv7FKr9e8I0tEg&ctype=5&q=&ved=0ahUKEwiq0IPd_ZT8AhUk1TgGHS6kA5IQww8I_Qw&adurl=
"Samsung Galaxy S10 Plus 128GB (Prism Black, 8GB RAM) Refurb",https://encrypted-tbn3.gstatic.com/shopping?q=tbn:ANd9GcSfgzOgEjXKfYn1m6yyrBTby82btoSQ7hr4aDWxXNSf2TQ29L54rj_rcmcs_uQkdVNfabe7vLWA7Fvoez_eBs70jnF1o51dl1dWBeBHWxAJMQ_uxfpxunzY&usqp=CAE,"₹19,999.00 ",Refurbished_mobile,Hi laptop.com,Free delivery,2022-12-25 20:00:37.475433,https://www.google.com/aclk?sa=l&ai=DChcSEwjtn4nd_ZT8AhXbfCsKHQspDRAYABAFGgJzZg&sig=AOD64_1hZ7Y1hIS2jEHjwN56zyhSaUksPw&ctype=5&q=&ved=0ahUKEwiq0IPd_ZT8AhUk1TgGHS6kA5IQww8IgQ0&adurl=
"Samsung Galaxy F13 5G | 4GB |128GB |16.62cm (6.6"") Waterfall Blue| FHD+ Display | Exynos 850 Processor | 8GB RAM|6000mAh Battery | Auto Data Switching",https://encrypted-tbn1.gstatic.com/shopping?q=tbn:ANd9GcQYQTgaXmA2_rgRlzWtmpFl1vVqYkxS8hnuco-TQNpmsVQ3QYgSz3EYoi3dVa_q9I-py2Dx9x3dNzW38t6_Qnkn1FHI8zWbY6overLSnklUGOt2_rXKI3HvPg&usqp=CAE,"₹12,999.00",--,Samsung.com,(13),2022-12-25 20:00:37.475433,https://www.google.com/aclk?sa=l&ai=DChcSEwjtn4nd_ZT8AhXbfCsKHQspDRAYABAHGgJzZg&sig=AOD64_18X7XR_JkfZ5xHm3uVzSCAsxpzEQ&ctype=5&q=&ved=0ahUKEwiq0IPd_ZT8AhUk1TgGHS6kA5IQww8IhQ0&adurl=
"Samsung M13 5G 128 GB, 6 GB RAM, Midnight Blue, Mobile Phone",https://encrypted-tbn1.gstatic.com/shopping?q=tbn:ANd9GcSUPxIMFuB9uiuOvaLS3AQIt877O_DLO2l9t-1VYfvAO0ed5wHwqAZejm1Jb8NfU3yNKd7WJ8wl9fUnUepQo9GrW8e_aoFKCiJmZp546cFc4JVtpCUaO-N-&usqp=CAE,"₹13,999.00",--,Reliance Digital,Free delivery,2022-12-25 20:00:37.475433,https://www.google.com/aclk?sa=l&ai=DChcSEwjtn4nd_ZT8AhXbfCsKHQspDRAYABAJGgJzZg&sig=AOD64_24V4PLCKX7qPoFIrHqvxXeeZmpiA&ctype=5&q=&ved=0ahUKEwiq0IPd_ZT8AhUk1TgGHS6kA5IQww8IiQ0&adurl=
"SAMSUNG Galaxy Note 8 (Orchid Grey, 64 GB) (6 GB RAM)",https://encrypted-tbn2.gstatic.com/shopping?q=tbn:ANd9GcQJ0En1mHH76jIDu2h0jWw70O7055QHvWv6oNdehJkcWgqxWR0SghbGAaB2yJsl12rX0hAIzGwab8S34RSGYZXUw1qTjXIwZYy2zQB7d-GlB0r9fomBn_xv&usqp=CAE,"₹15,999.00 ",Refurbished_mobile,Triveni World,Free delivery,2022-12-25 20:00:37.475433,https://www.google.com/aclk?sa=l&ai=DChcSEwjtn4nd_ZT8AhXbfCsKHQspDRAYABALGgJzZg&sig=AOD64_1vr-Zb1wNj2lNYPCUn4KM-T8n08g&ctype=5&q=&ved=0ahUKEwiq0IPd_ZT8AhUk1TgGHS6kA5IQww8IjA0&adurl=
"Samsung Galaxy Z Fold 4 256 GB (Graygreen, 12 GB RAM)",https://encrypted-tbn3.gstatic.com/shopping?q=tbn:ANd9GcS1FhlfZbAKOiqsQtuxdDU7MgUkUGcdOX7RMATu5X_woJcKJnRZR74gFvTz_MQVutwmH1KViV3IXRGmRkhoDVSJfnIulSkXpj5qKFHtJ2o9&usqp=CAE,"₹1,55,999.00",--,Gadgets Now,Free delivery,2022-12-25 20:00:37.475433,https://www.google.com/aclk?sa=l&ai=DChcSEwjtn4nd_ZT8AhXbfCsKHQspDRAYABANGgJzZg&sig=AOD64_2FcmdNFyzVrg_OeVFqnNXKx3HrAg&ctype=5&q=&ved=0ahUKEwiq0IPd_ZT8AhUk1TgGHS6kA5IQww8IkA0&adurl=
"Samsung Galaxy A73 5G (128, 8GB Awesome Gray, New)",https://encrypted-tbn3.gstatic.com/shopping?q=tbn:ANd9GcR546cj0h80VV8y3fahlKDIX8TvXI0JpUX-KkwDVdkC8XYpywM8SkNEID-IkUHDpeQNiuVn6Vl5JjNXlafYcgqMuHbe_34nSmbd76b4ASbLvKRt1FloM_Yj&usqp=CAE,"₹38,874.00",--,Amazon.in,Free delivery,2022-12-25 20:00:37.475433,https://www.google.com/aclk?sa=l&ai=DChcSEwjtn4nd_ZT8AhXbfCsKHQspDRAYABAPGgJzZg&sig=AOD64_2HeXGmmv8Nqhej_xhXVpGiA2YKrA&ctype=5&q=&ved=0ahUKEwiq0IPd_ZT8AhUk1TgGHS6kA5IQww8Ikw0&adurl=
"SAMSUNG Galaxy S20 FE 5G (8GB RAM, 128GB, Cloud Navy)",https://encrypted-tbn0.gstatic.com/shopping?q=tbn:ANd9GcSwtv9BuLcAPI84kHf_kc3OZYEZfEX-sk-ZxsUNrfVN8OO6Z6_TKbPQcxgfRYnlaaGY1Y-zMgWjHaACo4bkFTqj29bLomEdABXepJhCBLxUbXuD81AUH4Yc3g&usqp=CAE,"₹32,990.00",--,Croma,Free delivery,2022-12-25 20:00:37.475433,https://www.google.com/aclk?sa=l&ai=DChcSEwjtn4nd_ZT8AhXbfCsKHQspDRAYABARGgJzZg&sig=AOD64_1shr-vbwKKwSKtNxp8mU94E_FW6A&ctype=5&q=&ved=0ahUKEwiq0IPd_ZT8AhUk1TgGHS6kA5IQww8Ilg0&adurl=
"Samsung Galaxy M33 5G 128 GB (Emerald Brown, 6 GB RAM)",https://encrypted-tbn3.gstatic.com/shopping?q=tbn:ANd9GcRNVHYiwzVM2U22LFE4RiYnkFGhOehCRKlXm2SePHTNt_L3_g6Hb0goUKM8QwOehCFnPiiKU2EqG4mRTddM-VEWDfyKBOKH-ZuUTJiZUXE&usqp=CAE,"₹17,999.00",--,Gadgets Now,Free delivery,2022-12-25 20:00:37.475433,https://www.google.com/aclk?sa=l&ai=DChcSEwjtn4nd_ZT8AhXbfCsKHQspDRAYABATGgJzZg&sig=AOD64_1Bjz2xts9gn62FPkeAXXJTstpaLQ&ctype=5&q=&ved=0ahUKEwiq0IPd_ZT8AhUk1TgGHS6kA5IQww8ImQ0&adurl=
Samsung Galaxy Note 8 Midnight Black 64 Gb 6 Gb Ram Refurbished Very Good,https://encrypted-tbn1.gstatic.com/shopping?q=tbn:ANd9GcRZaibp3wsrzMJug3LafAd82RDf3320HMHg1FBPhMyatc0duRmTdVxQPerG5_q16rzNQ1VNAt3PWUuVmx_HD7wS-XDOVIziwlUBovahWyPSDQrxowzHx4uM_oHt&usqp=CAE,"₹22,990.00 ",Refurbished_mobile,WizeKart,Free delivery,2022-12-25 20:00:37.475433,https://www.google.com/aclk?sa=l&ai=DChcSEwjtn4nd_ZT8AhXbfCsKHQspDRAYABAVGgJzZg&sig=AOD64_2GAFYYniPbS2VY1y9Da9sFi_-u5w&ctype=5&q=&ved=0ahUKEwiq0IPd_ZT8AhUk1TgGHS6kA5IQww8InA0&adurl=
"Samsung Galaxy S22 Ultra 5G 256 GB (Burgundy, 12 GB RAM)",https://encrypted-tbn2.gstatic.com/shopping?q=tbn:ANd9GcRD79Jc9KDNk9wmEcqDsOVPEpwhXxBd5-Zp4upHXPtN1HMDOt4c2M2dUYC1Bai1a-MLuuQ5B-Najr2t6nOZROJasPSXRZO1Fjr--JJEY6w&usqp=CAE,"₹91,760.00",--,Gadgets Now,Free delivery,2022-12-25 20:00:37.475433,https://www.google.com/aclk?sa=l&ai=DChcSEwjtn4nd_ZT8AhXbfCsKHQspDRAYABAXGgJzZg&sig=AOD64_0W5qpViOJMi7YpmHfunh1N7WSUgQ&ctype=5&q=&ved=0ahUKEwiq0IPd_ZT8AhUk1TgGHS6kA5IQww8IoA0&adurl=
PRICE DROP,https://encrypted-tbn2.gstatic.com/shopping?q=tbn:ANd9GcSwSu0KCItX3Mr6sDPA3rtYu0zruB9PdIj6D60ezP-5FVT2NQ3JcsWKlzQbzQz2AyhS2FiZeGWFKeWBVxE-74AdrT8IXHt6uiUwaPogJwc&usqp=CAE,Samsung Galaxy A30s 128GB 4GB RAM Refurbished,--,"₹7,999.00 refurbished",vlebazaar,2022-12-25 20:00:37.475433,https://www.google.com/aclk?sa=l&ai=DChcSEwjtn4nd_ZT8AhXbfCsKHQspDRAYABAZGgJzZg&sig=AOD64_26R1MThyP2cPLftFwt0MCmf4ovdA&ctype=5&q=&ved=0ahUKEwiq0IPd_ZT8AhUk1TgGHS6kA5IQww8Iow0&adurl=
"Samsung Galaxy M32 5G 128 GB (Sky Blue, 8 GB RAM)",https://encrypted-tbn3.gstatic.com/shopping?q=tbn:ANd9GcTCz3LtfwXaz01RkFfXeO4aLbhvvQWgslIrxBWnTRF_-59DlShpZ5RYg8b-TsTD1mRzx6Va4JqDQgCBneXUQ7vpNCBS_veGayvaOIgIHOMG&usqp=CAE,"₹21,999.00",--,Gadgets Now,Free delivery,2022-12-25 20:00:37.475433,https://www.google.com/aclk?sa=l&ai=DChcSEwjtn4nd_ZT8AhXbfCsKHQspDRAYABAbGgJzZg&sig=AOD64_3S9OTatUYX55ymCpVwkVlMOO0oDQ&ctype=5&q=&ved=0ahUKEwiq0IPd_ZT8AhUk1TgGHS6kA5IQww8IqA0&adurl=
"Samsung Galaxy F23 5G (Aqua Blue, 128 GB) (6 GB RAM)| Travel Adapter to be Purchased Separately",https://encrypted-tbn2.gstatic.com/shopping?q=tbn:ANd9GcQUP4m2E5FBBa5h8_q__kbhbwUkFIv00BVHnbQZ6vnDY4tbvkelP6Ivsm3h6XYylMWPSdko0gNRisjeyp0qCdhTnvpuyv0vrLEH7tUtun8&usqp=CAE,"₹16,399.00",--,Amazon.in,Free delivery,2022-12-25 20:00:37.475433,https://www.google.com/aclk?sa=l&ai=DChcSEwjtn4nd_ZT8AhXbfCsKHQspDRAYABAdGgJzZg&sig=AOD64_15ITyXtLHGNbkO-SwUOcMTnVY-qg&ctype=5&q=&ved=0ahUKEwiq0IPd_ZT8AhUk1TgGHS6kA5IQww8Iqw0&adurl=
"new SAMSUNG GALAXY S10E (PRISM BLACK, 128 GB, 6 GB RAM",https://encrypted-tbn0.gstatic.com/shopping?q=tbn:ANd9GcRC6mRJfU-Si0ttvvD8ntjwU_VEB-Auf9bfrlRJOHFVme73aLMrUfqkVqWoWEcCnkttDsx29OzBgPPPKMiFA38_m4q9aY3la1zRZBIL0C8&usqp=CAE,"₹14,999.00",--,Hi laptop.com,Free delivery,2022-12-25 20:00:37.475433,https://www.google.com/aclk?sa=l&ai=DChcSEwjtn4nd_ZT8AhXbfCsKHQspDRAYABAfGgJzZg&sig=AOD64_04fceoTAc_ySygCpm9zsvq5-1sgA&ctype=5&q=&ved=0ahUKEwiq0IPd_ZT8AhUk1TgGHS6kA5IQww8Irg0&adurl=
"Samsung Galaxy A32 5G 128 GB (Awesome Blue, 8 GB RAM)",https://encrypted-tbn3.gstatic.com/shopping?q=tbn:ANd9GcTRYydg3qABQGfc7WoFqIcLfN1W5VfztYnPrD-vaWdtvuOYiYSMGZDdUj6KcyLdZ8TXXTshZtBamLtJj5S9P71Lk3JWfLaFkgo6f9OHpxs&usqp=CAE,"₹19,990.00",--,Gadgets Now,Free delivery,2022-12-25 20:00:37.475433,https://www.google.com/aclk?sa=l&ai=DChcSEwjtn4nd_ZT8AhXbfCsKHQspDRAYABAhGgJzZg&sig=AOD64_0xO6Z1iKxModBXcL5m1blDvQD9bw&ctype=5&q=&ved=0ahUKEwiq0IPd_ZT8AhUk1TgGHS6kA5IQww8IsQ0&adurl=
"Samsung Galaxy A21S (White, 64GB, 4GB RAM)",https://encrypted-tbn0.gstatic.com/shopping?q=tbn:ANd9GcQuNTLt3NgKlZX0PXP8gHJG0CEE_rpBJneHwlyjMBOpnUeNRpIsaDg_XYnM_ZcjnHovjqYAivnhum9AGQ8ZTZ_DZKogpcKSkrCcwqEjYDhX-pIcOLWu9GMh&usqp=CAE,"₹17,999.00",--,Gadgets Now,Free delivery,2022-12-25 20:00:37.475433,https://www.google.com/aclk?sa=l&ai=DChcSEwjtn4nd_ZT8AhXbfCsKHQspDRAYABAjGgJzZg&sig=AOD64_2MsCpXTcCAXzEDBhzGhwPv3VUCVg&ctype=5&q=&ved=0ahUKEwiq0IPd_ZT8AhUk1TgGHS6kA5IQww8ItA0&adurl=
SAMSUNG Galaxy A52 Awesome Black 128 GB 6 GB RAM,https://encrypted-tbn0.gstatic.com/shopping?q=tbn:ANd9GcQFPnPuEzYl7Rts60VYJ-ZbP-0zR7Nus5RiptCqI1wktvoe_yEL1gp3FeXoC_QUPInYKm_gqbui8kQDhxoFZNr2YhQssYvdPGh1SamAODIF&usqp=CAE,"₹21,999.00",--,vlebazaar,Free delivery,2022-12-25 20:00:37.475433,https://www.google.com/aclk?sa=l&ai=DChcSEwjtn4nd_ZT8AhXbfCsKHQspDRAYABAlGgJzZg&sig=AOD64_3RWn3INhiHmekjmAcgbjfOHF-w7Q&ctype=5&q=&ved=0ahUKEwiq0IPd_ZT8AhUk1TgGHS6kA5IQww8Itw0&adurl=
Samsung S20 8GB 128GB (Very Good) (Refurbished),https://encrypted-tbn3.gstatic.com/shopping?q=tbn:ANd9GcROpyCUVktFyURpd81SHxpB9uG3-RcCCd12DCFMzEQrQBhis6MfwSI5yxVwiDao39kNVzt81odL3aQmX8g9awapddAHRduFyg43o1zrRvfn7TVmZgpzV-r2HA&usqp=CAE,"₹29,900.00 ",Refurbished_mobile,Best of Indian Products,Free returns,2022-12-25 20:00:37.475433,https://www.google.com/aclk?sa=l&ai=DChcSEwjtn4nd_ZT8AhXbfCsKHQspDRAYABAnGgJzZg&sig=AOD64_2dimrTpMPIJvDuzavu20pWqn2XuQ&ctype=5&q=&ved=0ahUKEwiq0IPd_ZT8AhUk1TgGHS6kA5IQww8Iuw0&adurl=
"Refurbished Samsung Galaxy S20 Ultra (128 GB, 12 GB Ram, Cosmic Grey)",https://encrypted-tbn1.gstatic.com/shopping?q=tbn:ANd9GcSYHVAO8b_HWCsO2yS7tEb0LGyjkRX9Fzlu0JsyhUGjzoXc_NXDGn1Dr---0vSzyYPMjMYWqE8mlqDLcLCFu-HvTirkD_12TUUX-OHtOF5SdAb72c8OKScc4A&usqp=CAE,"₹32,999.00 ",Refurbished_mobile,Xtracover,Free delivery,2022-12-25 20:00:37.475433,https://www.google.com/aclk?sa=l&ai=DChcSEwjtn4nd_ZT8AhXbfCsKHQspDRAYABApGgJzZg&sig=AOD64_2Gq6cMpTCs0I3aLaHi4OeE_ragig&ctype=5&q=&ved=0ahUKEwiq0IPd_ZT8AhUk1TgGHS6kA5IQww8Ivw0&adurl=
Samsung Galaxy F62 8GB RAM,https://encrypted-tbn0.gstatic.com/shopping?q=tbn:ANd9GcQTCvj5t6l9085jB5x-U6LLrPBIxf9K4nRHjsGiR4QVv3yRgtleImI7cZsdmRSnsRoEQJXZKCZeSc2OKJsC0kM4jG8Xu0shrju9jL5Zsb0&usqp=CAE,"₹26,999.00",--,Bulkli,Free delivery,2022-12-25 20:00:37.475433,https://www.google.com/aclk?sa=l&ai=DChcSEwjtn4nd_ZT8AhXbfCsKHQspDRAYABArGgJzZg&sig=AOD64_30ouuaR5ucDw_uLcjwqEffF-r6CA&ctype=5&q=&ved=0ahUKEwiq0IPd_ZT8AhUk1TgGHS6kA5IQww8IxA0&adurl=
"Samsung Galaxy S20 Ultra 5G 128 GB (Cosmic Grey, Cosmic Black, 12 GB RAM)",https://encrypted-tbn1.gstatic.com/shopping?q=tbn:ANd9GcShZVPBVhPX7ywl8ZWLPhu0hDne1pXZDEtDrdINLPXbXeQKvbAfAaq2asrB5Z1DB_owQjgzUV1Rii4iJ3dI97aI5uDCtQlgv8R7fVFpgA&usqp=CAE,"₹67,999.00",--,Gadgets Now,Free delivery,2022-12-25 20:00:37.475433,https://www.google.com/aclk?sa=l&ai=DChcSEwjtn4nd_ZT8AhXbfCsKHQspDRAYABAtGgJzZg&sig=AOD64_14TUNK3EWpiFMbzjQpRNUb0-zpcA&ctype=5&q=&ved=0ahUKEwiq0IPd_ZT8AhUk1TgGHS6kA5IQww8Ixw0&adurl=
"Samsung Galaxy M32 64 GB (Black, 4 GB RAM)",https://encrypted-tbn2.gstatic.com/shopping?q=tbn:ANd9GcSnKPui8U9K683e3in3HBE29sLB3MOXu-D8aLS5YSQs07yicdIjtSbYsg8MKURWnxxiUXZZjk7Ct2k7pedac5kg8gXVFNhm0zCNufr6q8jeBoCUbA3_X0WVZA&usqp=CAE,"₹11,999.00",--,Gadgets Now,Free delivery,2022-12-25 20:00:37.475433,https://www.google.com/aclk?sa=l&ai=DChcSEwjtn4nd_ZT8AhXbfCsKHQspDRAYABAvGgJzZg&sig=AOD64_3EHQmc62yqRYw-JXG_3SqIxEE_vw&ctype=5&q=&ved=0ahUKEwiq0IPd_ZT8AhUk1TgGHS6kA5IQww8Iyg0&adurl=
"Samsung Galaxy S10 Plus 128GB (Prism White, 8GB RAM)",https://encrypted-tbn1.gstatic.com/shopping?q=tbn:ANd9GcSeokFSIVaYv65Zm5HXrpjI2QsySHOOVI-Kq38dw_xkOvlktFy-ArnlMLJprYfnv6dnAe5ifKsarJ4CHRVT4F-jRHyCC-LzO-9wRfCQt5xvR85qlSTZt8m3&usqp=CAE,"₹61,999.00",--,Gadgets Now,Free delivery,2022-12-25 20:00:37.475433,https://www.google.com/aclk?sa=l&ai=DChcSEwjtn4nd_ZT8AhXbfCsKHQspDRAYABAxGgJzZg&sig=AOD64_2kdw6odVEyjE_hUDsy0_VQe4BFNg&ctype=5&q=&ved=0ahUKEwiq0IPd_ZT8AhUk1TgGHS6kA5IQww8IzQ0&adurl=
"Samsung Galaxy S21 Ultra 256 GB, 12 GB RAM, Phantom Black, Smartphone refurb",https://encrypted-tbn2.gstatic.com/shopping?q=tbn:ANd9GcSlBv1nYCBz2IJiOHgQju5GK8lMZMBacjZHcOPOQ4u87vNtb6lyBfQbYkcyK1Izjv_1bHu-XUubpMkkEmMxCA27rs2jWD2uD149FvrrRqh0&usqp=CAE,"₹55,000.00 ",Refurbished_mobile,Hi laptop.com,Free delivery,2022-12-25 20:00:37.475433,https://www.google.com/aclk?sa=l&ai=DChcSEwjtn4nd_ZT8AhXbfCsKHQspDRAYABAzGgJzZg&sig=AOD64_2GWZlEmeVJvLPfwDX5ob5tWAmYZw&ctype=5&q=&ved=0ahUKEwiq0IPd_ZT8AhUk1TgGHS6kA5IQww8I0A0&adurl=
"Samsung Galaxy S20 FE 5G (Cloud Lavender, 8GB RAM, 128GB Storage) with No Cost EMI & Additional Exchange Offers",https://encrypted-tbn1.gstatic.com/shopping?q=tbn:ANd9GcS8AmsdZ4TJr37Ekt2AhwSPi0VBy6fn0Apj0KwnHfq0vlLCsAYRt781MEMk7VU24UQYM2O7FO2BlnKsx9C1SDnwpK1ry139ItemkOfgs5Het3MQHQfW_X1O&usqp=CAE,"₹32,990.00",--,Amazon.in,Free delivery,2022-12-25 20:00:37.475433,https://www.google.com/aclk?sa=l&ai=DChcSEwjtn4nd_ZT8AhXbfCsKHQspDRAYABA1GgJzZg&sig=AOD64_0VmDLM5Os9DGvpDOL4csWDZOn2Nw&ctype=5&q=&ved=0ahUKEwiq0IPd_ZT8AhUk1TgGHS6kA5IQww8I1A0&adurl=
Samsung Galaxy J2 (8GB) (1GB RAM),https://encrypted-tbn1.gstatic.com/shopping?q=tbn:ANd9GcRAHzrsPsfc6zw55NzqQHTcuE-EohuT5N_rVcDUE7BKZ9-PrN8vw0tb-wQEN9_uvIFpF5hLkj3wv9nP-lDxXn8PfEYiUOqUh-_N6PSAa6apso23QrYEgRY-QQ&usqp=CAE,"₹4,950.00 ",Refurbished_mobile,addmecart,Free delivery,2022-12-25 20:00:37.475433,https://www.google.com/aclk?sa=l&ai=DChcSEwjtn4nd_ZT8AhXbfCsKHQspDRAYABA3GgJzZg&sig=AOD64_02GYCCh0hO1y8QJBxtb-Kg45Ml1g&ctype=5&q=&ved=0ahUKEwiq0IPd_ZT8AhUk1TgGHS6kA5IQww8I1w0&adurl=
"Samsung Galaxy Z Flip 4 5G 128 GB (Blue, 8 GB RAM)",https://encrypted-tbn1.gstatic.com/shopping?q=tbn:ANd9GcSA1es4ZoXFKP8ToHZvbDX5ujrIPK58o-Opxhr4lNK3lVpdmonIJRvjmhYEX8-ttx3PUDC3k3XXPEB1Xd7REz3jGIW_Zmf0p_7tmVVZ1h0&usqp=CAE,"₹90,999.00",--,Gadgets Now,Free delivery,2022-12-25 20:00:37.475433,https://www.google.com/aclk?sa=l&ai=DChcSEwjtn4nd_ZT8AhXbfCsKHQspDRAYABA5GgJzZg&sig=AOD64_1r5LRnRctcj2z7BGs-4664WfnStA&ctype=5&q=&ved=0ahUKEwiq0IPd_ZT8AhUk1TgGHS6kA5IQww8I2w0&adurl=
"Samsung Galaxy S20 FE 5G (8 GB RAM, 128 GB Storage, Cloud Navy)",https://encrypted-tbn0.gstatic.com/shopping?q=tbn:ANd9GcS9fvOfnEIULnqcCrzS4Q2HnQX1WXAPhDT8f7trwiwDyiDAVSEByuhAhF89ltbJrfYiIBb0uL6LkHEg82lVKtiG6kg16c1Yuutv6sG2jprVguVIhdx1bcXg&usqp=CAE,"₹37,999.00",--,Vijay Sales,Free delivery,2022-12-25 20:00:37.475433,https://www.google.com/aclk?sa=l&ai=DChcSEwjtn4nd_ZT8AhXbfCsKHQspDRAYABA7GgJzZg&sig=AOD64_1YJSUebl4UgXYNC2vI1snV2RsvEg&ctype=5&q=&ved=0ahUKEwiq0IPd_ZT8AhUk1TgGHS6kA5IQww8I3g0&adurl=
"SAMSUNG Galaxy A03 (3GB RAM, 32GB, Red)",https://encrypted-tbn1.gstatic.com/shopping?q=tbn:ANd9GcSCRD42R6zQDY_n8xVWgVMPmhxSBRXhKIc5RpSigbbeujpLIFEIoVUf2o26vxDD5g1NOKgu9sOZKINwDpAo1LCrvIB7RrGUFxUN8EoDSkFojeSHwvkf7YNY&usqp=CAE,"₹8,499.00",--,Croma,Free delivery,2022-12-25 20:00:37.475433,https://www.google.com/aclk?sa=l&ai=DChcSEwjtn4nd_ZT8AhXbfCsKHQspDRAYABA9GgJzZg&sig=AOD64_1LiUId5IqfSXPd0oSvNdCSzAvEQg&ctype=5&q=&ved=0ahUKEwiq0IPd_ZT8AhUk1TgGHS6kA5IQww8I4Q0&adurl=
"Samsung A50 64 GB (White, 4 GB RAM)",https://encrypted-tbn3.gstatic.com/shopping?q=tbn:ANd9GcQsDEBJX-GxtYKejMdPt8U7nQ-wVmch4KobbGQkhZ0CQX2VoyXLAWcOKL91Z63mee-_pH8OnSm9xVCl6_DvBDgh1CPEZk8A8ZS21rymiQ&usqp=CAE,"₹21,000.00",--,Gadgets Now,Free delivery,2022-12-25 20:00:37.475433,https://www.google.com/aclk?sa=l&ai=DChcSEwjtn4nd_ZT8AhXbfCsKHQspDRAYABA_GgJzZg&sig=AOD64_1tYmajhMSGsrhyfeEyy8mgSm7mUw&ctype=5&q=&ved=0ahUKEwiq0IPd_ZT8AhUk1TgGHS6kA5IQww8I5A0&adurl=
Samsung Galaxy M30s 64GB 4GB RAM Refurbished,https://encrypted-tbn0.gstatic.com/shopping?q=tbn:ANd9GcT7xW_BcjJ-P9sY8MccpyiuvZCQfuprK_ddkeCsOe6fgjvA6s-04gMDZ3w1tOaN9P0wS5IdTyseQSf_y-cHxRFza6w-CyMXk3DFW6ckzt37bJdLn03PC4Prpw&usqp=CAE,"₹5,999.00 ",Refurbished_mobile,vlebazaar,Free delivery,2022-12-25 20:00:37.475433,https://www.google.com/aclk?sa=l&ai=DChcSEwjtn4nd_ZT8AhXbfCsKHQspDRAYABBBGgJzZg&sig=AOD64_2OLVhWmaCbQdQg3cnRHJPpO4XfNA&ctype=5&q=&ved=0ahUKEwiq0IPd_ZT8AhUk1TgGHS6kA5IQww8I5w0&adurl=
Samsung galaxy s10 8gb 128gb (certified refurbished) (good),https://encrypted-tbn1.gstatic.com/shopping?q=tbn:ANd9GcTRisfGRI2bojpJy7dualJg_2Euy3EmyQg_zDbrheLfBCMaE3j4X0OJ7STbIKy5RFM_XYX4Cj2GSN1_pj83SgIbxr1XwSLt9G2G-W5coVjBmLJ-0bgF48UW&usqp=CAE,"₹24,990.00 ",Refurbished_mobile,vexclusive.in,Free delivery,2022-12-25 20:00:37.475433,https://www.google.com/aclk?sa=l&ai=DChcSEwjtn4nd_ZT8AhXbfCsKHQspDRAYABBDGgJzZg&sig=AOD64_3rf6BhLbfBYaYqtLhkB-GzJrIlAA&ctype=5&q=&ved=0ahUKEwiq0IPd_ZT8AhUk1TgGHS6kA5IQww8I7A0&adurl=
Samsung Note 20 Ultra 12GB 256GB (Refurbished) (very Good),https://encrypted-tbn0.gstatic.com/shopping?q=tbn:ANd9GcRH_vXolkSFtci7hIWOX1t6QIFSoOYtrNoZEJcSs2_0eD-H4Tj6BqwhroGe-9pFIVHkXWPY6HZgen72YRNvBb1B3ySYfKakGdAO5qufTgBk&usqp=CAE,"₹52,990.00 ",Refurbished_mobile,Best of Indian Products,Free returns,2022-12-25 20:00:37.475433,https://www.google.com/aclk?sa=l&ai=DChcSEwjtn4nd_ZT8AhXbfCsKHQspDRAYABBFGgJzZg&sig=AOD64_3k326JUiQpjZ1E_bQyKl4VAAjuiw&ctype=5&q=&ved=0ahUKEwiq0IPd_ZT8AhUk1TgGHS6kA5IQww8I8A0&adurl=
"Samsung Galaxy Note 20 Ultra 256 GB (Mystic Bronze, 12 GB RAM)",https://encrypted-tbn2.gstatic.com/shopping?q=tbn:ANd9GcQmyyCGaLaycDGVGEVpbpp5lt-lCg-A2zQSs7v6m5tYESSbQtTzODoDjQkj8VZzc4zbcm5mIniOwZ2Yy-6fAWFRjVW6ewpHzHqO805mVs0&usqp=CAE,"₹1,16,000.00",--,Gadgets Now,Free delivery,2022-12-25 20:00:37.475433,https://www.google.com/aclk?sa=l&ai=DChcSEwjtn4nd_ZT8AhXbfCsKHQspDRAYABBHGgJzZg&sig=AOD64_2Enpn-VOf4DxxkVqv-TxyRspa2Pw&ctype=5&q=&ved=0ahUKEwiq0IPd_ZT8AhUk1TgGHS6kA5IQww8I9A0&adurl=
"Samsung Galaxy Note 10 Plus (Aura Glow, 256 GB) (12 GB RAM)",https://encrypted-tbn2.gstatic.com/shopping?q=tbn:ANd9GcRCNo0K-kzGu0ETFH9dakc8Bd_yPskC6YtTh9D7Fzh-aeafmMtPhM7_fCpT5wljCbeIVEu0yLrkEdv5qvIDs2RuqFYhk0NMmWbR5xW-iCCG7vBEzcL_0u0v&usqp=CAE,"₹60,999.00",--,Bulkli,Free delivery,2022-12-25 20:00:37.475433,https://www.google.com/aclk?sa=l&ai=DChcSEwjtn4nd_ZT8AhXbfCsKHQspDRAYABBJGgJzZg&sig=AOD64_0BDjQTyep9tBx6e4Er9wqHBuf-_A&ctype=5&q=&ved=0ahUKEwiq0IPd_ZT8AhUk1TgGHS6kA5IQww8I9w0&adurl=
"Samsung Galaxy M13 5G 128 GB (Aqua Green, 6 GB RAM)",https://encrypted-tbn3.gstatic.com/shopping?q=tbn:ANd9GcTTI9EpWXBGdthpZPWBUc_4m5hn7KTyHJXxo4OhQGbjC6dI-sF8h_D2nYSw4nUt3gHPEn4tHFMvO-8VlwM2i_s7agA1VlM3mkCL84X35UBXtu2n0X50GAVONw&usqp=CAE,"₹15,499.00",--,Gadgets Now,Free delivery,2022-12-25 20:00:37.475433,https://www.google.com/aclk?sa=l&ai=DChcSEwjtn4nd_ZT8AhXbfCsKHQspDRAYABBLGgJzZg&sig=AOD64_3wCCnVslMNbyNNYqawEtZso4CLbQ&ctype=5&q=&ved=0ahUKEwiq0IPd_ZT8AhUk1TgGHS6kA5IQww8I-g0&adurl=
"SAMSUNG Galaxy M12 (Black, 128 GB) (6 GB RAM)",https://encrypted-tbn2.gstatic.com/shopping?q=tbn:ANd9GcQw2OqN0CxP18nYJwqDET_0shfBkRHuia25u9iF_LArec-upq_683iwNkJEq3T98a5cVLS_4qleXEaOhaOV3834j6CMdNY5lTSmmJe9R7Qv2j6rP0VvAL2Bzg&usqp=CAE,"₹12,999.00",--,Howzzthat.com,Free returns,2022-12-25 20:00:37.475433,https://www.google.com/aclk?sa=l&ai=DChcSEwjtn4nd_ZT8AhXbfCsKHQspDRAYABBNGgJzZg&sig=AOD64_1bBYbQ6rLG6e-iqYzbgtxYuPU-ow&ctype=5&q=&ved=0ahUKEwiq0IPd_ZT8AhUk1TgGHS6kA5IQww8I_Q0&adurl=
"Samsung Galaxy S20 FE 128 GB (Cloud Mint, 8 GB RAM)",https://encrypted-tbn2.gstatic.com/shopping?q=tbn:ANd9GcRR_xX39YZjguOT9L1ZX3gqTMeXBU5PAipnUhcQQgDCPCsZeyJIP_9VHs_Z_yvDSLT3m7fAxpWFWU6utBSq_FDIhqBTaypi2hB18awhCw&usqp=CAE,"₹35,990.00",--,Gadgets Now,Free delivery,2022-12-25 20:00:37.475433,https://www.google.com/aclk?sa=l&ai=DChcSEwjtn4nd_ZT8AhXbfCsKHQspDRAYABBPGgJzZg&sig=AOD64_1anQ2EYCb1bqW_uHE7DHZbf1FHKg&ctype=5&q=&ved=0ahUKEwiq0IPd_ZT8AhUk1TgGHS6kA5IQww8IgA4&adurl=
"Samsung Galaxy F13 5G | 4GB |64GB |16.62cm (6.6"") Waterfall Blue | FHD+ Display | Exynos 850 Processor | 8GB RAM|6000mAh Battery | Auto Data Switching",https://encrypted-tbn1.gstatic.com/shopping?q=tbn:ANd9GcQYQTgaXmA2_rgRlzWtmpFl1vVqYkxS8hnuco-TQNpmsVQ3QYgSz3EYoi3dVa_q9I-py2Dx9x3dNzW38t6_Qnkn1FHI8zWbY6overLSnklUGOt2_rXKI3HvPg&usqp=CAE,"₹11,999.00",--,Samsung.com,(13),2022-12-25 20:00:37.475433,https://www.google.com/aclk?sa=l&ai=DChcSEwjtn4nd_ZT8AhXbfCsKHQspDRAYABBRGgJzZg&sig=AOD64_1C0N4Yq-No3sAQGOwyp-zoAy6VoQ&ctype=5&q=&ved=0ahUKEwiq0IPd_ZT8AhUk1TgGHS6kA5IQ9A4ImRY&adurl=
"Samsung Galaxy M32 5G 128 GB (Slate Black, 6 GB RAM)",https://encrypted-tbn2.gstatic.com/shopping?q=tbn:ANd9GcSFv8hC3yzYBQSgNkFH4u3UAywy8CuUPFvaujdkhXaRhhOcwlP_YNv11G2osxUU8IBNzDgUMv4Hj5EUHexKrvGNH1HkQBS7&usqp=CAE,"₹21,999.00",--,Gadgets Now,Free delivery,2022-12-25 20:00:37.475433,https://www.google.com/aclk?sa=l&ai=DChcSEwjtn4nd_ZT8AhXbfCsKHQspDRAYABBTGgJzZg&sig=AOD64_1JCHX7-IdDOKCwCrFqswi8tLkopw&ctype=5&q=&ved=0ahUKEwiq0IPd_ZT8AhUk1TgGHS6kA5IQ9A4InRY&adurl=
Samsung Galaxy Note 8 Midnight Black 64 Gb 6 Gb Ram Refurbished Very Good,https://encrypted-tbn1.gstatic.com/shopping?q=tbn:ANd9GcRZaibp3wsrzMJug3LafAd82RDf3320HMHg1FBPhMyatc0duRmTdVxQPerG5_q16rzNQ1VNAt3PWUuVmx_HD7wS-XDOVIziwlUBovahWyPSDQrxowzHx4uM_oHt&usqp=CAE,"₹22,990.00 ",Refurbished_mobile,WizeKart,Free delivery,2022-12-25 20:00:37.475433,https://www.google.com/aclk?sa=l&ai=DChcSEwjtn4nd_ZT8AhXbfCsKHQspDRAYABBVGgJzZg&sig=AOD64_3AP2qMyf0tc7MwZm-tFyl9gaXqsQ&ctype=5&q=&ved=0ahUKEwiq0IPd_ZT8AhUk1TgGHS6kA5IQ9A4IoBY&adurl=
"Samsung Galaxy Z Fold 4 512 GB (Graygreen, 12 GB RAM)",https://encrypted-tbn3.gstatic.com/shopping?q=tbn:ANd9GcS1FhlfZbAKOiqsQtuxdDU7MgUkUGcdOX7RMATu5X_woJcKJnRZR74gFvTz_MQVutwmH1KViV3IXRGmRkhoDVSJfnIulSkXpj5qKFHtJ2o9&usqp=CAE,"₹1,65,999.00",--,Gadgets Now,Free delivery,2022-12-25 20:00:37.475433,https://www.google.com/aclk?sa=l&ai=DChcSEwjtn4nd_ZT8AhXbfCsKHQspDRAYABBXGgJzZg&sig=AOD64_2K5zxKyTGFPMX0Yi_X-vjCFYC_XQ&ctype=5&q=&ved=0ahUKEwiq0IPd_ZT8AhUk1TgGHS6kA5IQ9A4IpBY&adurl=
"SAMSUNG Galaxy S20 FE 5G (8GB RAM, 128GB, Cloud Mint)",https://encrypted-tbn3.gstatic.com/shopping?q=tbn:ANd9GcSOoSQKXObby69Yv8uQVls7ghhHqxQGZVULHraYrG9abJoHF5QXbAsIj7KVx3BU8wR6Ln3s7wDRdejtfNd6II9IMVFTkcOrEuFZzH1qOfaKsJkwxeVUpkfh-Q&usqp=CAE,"₹32,990.00",--,Croma,Free delivery,2022-12-25 20:00:37.475433,https://www.google.com/aclk?sa=l&ai=DChcSEwjtn4nd_ZT8AhXbfCsKHQspDRAYABBZGgJzZg&sig=AOD64_23GpdZKxre7iy5bZ6UNoLqvQMGPQ&ctype=5&q=&ved=0ahUKEwiq0IPd_ZT8AhUk1TgGHS6kA5IQ9A4IpxY&adurl=
"Samsung Galaxy M33 5G 128 GB (Emerald Brown, 8 GB RAM)",https://encrypted-tbn3.gstatic.com/shopping?q=tbn:ANd9GcRNVHYiwzVM2U22LFE4RiYnkFGhOehCRKlXm2SePHTNt_L3_g6Hb0goUKM8QwOehCFnPiiKU2EqG4mRTddM-VEWDfyKBOKH-ZuUTJiZUXE&usqp=CAE,"₹21,499.00",--,Gadgets Now,Free delivery,2022-12-25 20:00:37.475433,https://www.google.com/aclk?sa=l&ai=DChcSEwjtn4nd_ZT8AhXbfCsKHQspDRAYABBbGgJzZg&sig=AOD64_3Aawez7uLeBzZ0cu3jrQzKQegMTQ&ctype=5&q=&ved=0ahUKEwiq0IPd_ZT8AhUk1TgGHS6kA5IQ9A4IqhY&adurl=
"Samsung Galaxy Note 9 (Midnight Black, 128 GB) (6 GB RAM) Refurbished - ~",https://encrypted-tbn0.gstatic.com/shopping?q=tbn:ANd9GcSAOTsW4EDP8InMmDMzDnNC8Y5Q17055uypGM3nmNiqWDwKuY0J5LsyDm53AMJXZ3FXWus7IP9YEF9PX5OZU4qfya85S84J6ky-uqogJ3Y7i0YFX6YPWsD90A&usqp=CAE,"₹39,999.00 ",Refurbished_mobile,vlebazaar,Free delivery,2022-12-25 20:00:37.475433,https://www.google.com/aclk?sa=l&ai=DChcSEwjtn4nd_ZT8AhXbfCsKHQspDRAYABBdGgJzZg&sig=AOD64_34IeeVXKshRRJ4CLYwdtBbznr0pQ&ctype=5&q=&ved=0ahUKEwiq0IPd_ZT8AhUk1TgGHS6kA5IQ9A4IrRY&adurl=
"Samsung Galaxy S22 5G (Green, 8GB, 128GB Storage) with No Cost EMI/Additional Exchange Offers",https://encrypted-tbn3.gstatic.com/shopping?q=tbn:ANd9GcTrsNQTBC3G6cG3_Z5TFC4zlaUro5IQtp1Phn_5xx2PrcxLbJdTCIsZ7ryrkqljGee5CRmP-Rp5mLBgzV5fw4_rRBUglHRzHcr7GvGGTykEN8ak1ctzfwdaPA&usqp=CAE,"₹57,998.00",--,Amazon.in,Free delivery,2022-12-25 20:00:37.475433,https://www.google.com/aclk?sa=l&ai=DChcSEwjtn4nd_ZT8AhXbfCsKHQspDRAYABBfGgJzZg&sig=AOD64_0PnaGsShDFQ4YYUHx98R5n7nUlRQ&ctype=5&q=&ved=0ahUKEwiq0IPd_ZT8AhUk1TgGHS6kA5IQ9A4IshY&adurl=
"Samsung Galaxy Note 10 Plus (Aura Glow, 256 GB) (12 GB RAM)",https://encrypted-tbn2.gstatic.com/shopping?q=tbn:ANd9GcRCNo0K-kzGu0ETFH9dakc8Bd_yPskC6YtTh9D7Fzh-aeafmMtPhM7_fCpT5wljCbeIVEu0yLrkEdv5qvIDs2RuqFYhk0NMmWbR5xW-iCCG7vBEzcL_0u0v&usqp=CAE,"₹60,999.00",--,Bulkli,Free delivery,2022-12-25 20:00:37.475433,https://www.google.com/aclk?sa=l&ai=DChcSEwjtn4nd_ZT8AhXbfCsKHQspDRAYABBhGgJzZg&sig=AOD64_3v-dTj-03XTGqi5tRY_uBJQzyYYg&ctype=5&q=&ved=0ahUKEwiq0IPd_ZT8AhUk1TgGHS6kA5IQ9A4ItRY&adurl=
Samsung S20 8GB 128GB (Very Good) (Refurbished),https://encrypted-tbn3.gstatic.com/shopping?q=tbn:ANd9GcROpyCUVktFyURpd81SHxpB9uG3-RcCCd12DCFMzEQrQBhis6MfwSI5yxVwiDao39kNVzt81odL3aQmX8g9awapddAHRduFyg43o1zrRvfn7TVmZgpzV-r2HA&usqp=CAE,"₹29,900.00 ",Refurbished_mobile,Best of Indian Products,Free returns,2022-12-25 20:00:37.475433,https://www.google.com/aclk?sa=l&ai=DChcSEwjtn4nd_ZT8AhXbfCsKHQspDRAYABBjGgJzZg&sig=AOD64_3JHgf65tpiOdw7rUlVjfoeiq_m2Q&ctype=5&q=&ved=0ahUKEwiq0IPd_ZT8AhUk1TgGHS6kA5IQ9A4IuBY&adurl=
"Samsung Galaxy M12 128 GB (Blue, 6 GB RAM)",https://encrypted-tbn3.gstatic.com/shopping?q=tbn:ANd9GcSPX7h-IKiXLdp3d354xPjfjKxNlFWfycTWkPq66PchBlehjRQFyxUaiC3D5Px5y6NZ-zorr_NSIjlULYw2k5o27u4rCmq-u6YBu7VoS53tj6ldKkKI74w&usqp=CAE,"₹13,490.00",--,Gadgets Now,Free delivery,2022-12-25 20:00:37.475433,https://www.google.com/aclk?sa=l&ai=DChcSEwjtn4nd_ZT8AhXbfCsKHQspDRAYABBlGgJzZg&sig=AOD64_0Olfb4P308rnTq2m5SYiNx8sOZpw&ctype=5&q=&ved=0ahUKEwiq0IPd_ZT8AhUk1TgGHS6kA5IQ9A4IvBY&adurl=
"SAMSUNG Galaxy A23 (6GB RAM, 128GB, Black)",https://encrypted-tbn3.gstatic.com/shopping?q=tbn:ANd9GcRMFdeONCx_2NHx4g6cn8yphLPyla38VCh5-Stgz4slhEJzbJ2IPN8OfFHiaxSJatBQuMOAA_ffRWa3o7v9Nd-71H35s306qOpug_tlR7cJ4Gdf_kD0dl6_&usqp=CAE,"₹18,499.00",--,Croma,Free delivery,2022-12-25 20:00:37.475433,https://www.google.com/aclk?sa=l&ai=DChcSEwjtn4nd_ZT8AhXbfCsKHQspDRAYABBnGgJzZg&sig=AOD64_1wsLhZcAzITnTozuXAQla--TYwNg&ctype=5&q=&ved=0ahUKEwiq0IPd_ZT8AhUk1TgGHS6kA5IQ9A4IvxY&adurl=
"Samsung Galaxy S20 Plus 128 GB (Cosmic Black, 8 GB RAM)",https://encrypted-tbn0.gstatic.com/shopping?q=tbn:ANd9GcRm9BQW9PHBo6YLT-3PN98lKkwqxKAeahAaOJoxg5XAEhHHbifPaJsYl8n6p2azJsZHv-ariHQVF6BdpXdblRLhcf5b3VHXJQ7KdmBUZ5k&usqp=CAE,"₹74,999.00",--,Gadgets Now,Free delivery,2022-12-25 20:00:37.475433,https://www.google.com/aclk?sa=l&ai=DChcSEwjtn4nd_ZT8AhXbfCsKHQspDRAYABBpGgJzZg&sig=AOD64_1ieVXRkDkk99287OzlgtDa-F6DaQ&ctype=5&q=&ved=0ahUKEwiq0IPd_ZT8AhUk1TgGHS6kA5IQ9A4IwhY&adurl=
Samsung galaxy s10 8gb 128gb (certified refurbished) (good),https://encrypted-tbn1.gstatic.com/shopping?q=tbn:ANd9GcTRisfGRI2bojpJy7dualJg_2Euy3EmyQg_zDbrheLfBCMaE3j4X0OJ7STbIKy5RFM_XYX4Cj2GSN1_pj83SgIbxr1XwSLt9G2G-W5coVjBmLJ-0bgF48UW&usqp=CAE,"₹24,990.00 ",Refurbished_mobile,vexclusive.in,Free delivery,2022-12-25 20:00:37.475433,https://www.google.com/aclk?sa=l&ai=DChcSEwjtn4nd_ZT8AhXbfCsKHQspDRAYABBrGgJzZg&sig=AOD64_3ug4VJIgBOAtJshTHWCj7LhKYW5g&ctype=5&q=&ved=0ahUKEwiq0IPd_ZT8AhUk1TgGHS6kA5IQ9A4IxRY&adurl=
"Samsung Galaxy Z Fold4 5G 256 GB, 12 GB RAM, Beige, Mobile Phone",https://encrypted-tbn0.gstatic.com/shopping?q=tbn:ANd9GcQGFnlxf-ETx05YseLLKMl3DdpDUxdnMKxZDwC9u1rcCCm5OUZQw8FlLsCotDD1uhrP0x-HVMHnm09wDRlYBtVZSlhmP1D-PVpofP9d4ZSlmw1ZsIQhghxC&usqp=CAE,"₹1,54,999.00",--,Reliance Digital,Free delivery,2022-12-25 20:00:37.475433,https://www.google.com/aclk?sa=l&ai=DChcSEwjtn4nd_ZT8AhXbfCsKHQspDRAYABBtGgJzZg&sig=AOD64_1aSomsji-534Yc8bFN7fK6Cktn9g&ctype=5&q=&ved=0ahUKEwiq0IPd_ZT8AhUk1TgGHS6kA5IQ9A4IyRY&adurl=
Samsung Galaxy M13 | 6+128GB | 6000mAh Battery |Up to 12GB RAM with RAM Plus | FHD+ Display | Auto Data Switching,https://encrypted-tbn3.gstatic.com/shopping?q=tbn:ANd9GcQa8CZbKX32Ef6wrfu-KIozfQN0I8q6U3-zuOG0fQXSwSMVT-VwCqQKy8HfZvr1Q9nL4LKc67HdBZrmRCe2ZB7t-j7CvFWzoeGYPsrMH2C_vpy4TeZFdsEe&usqp=CAE,"₹13,999.00",--,Samsung.com,(422),2022-12-25 20:00:37.475433,https://www.google.com/aclk?sa=l&ai=DChcSEwjtn4nd_ZT8AhXbfCsKHQspDRAYABBvGgJzZg&sig=AOD64_12s7Bw4JCU89Fke6GclmJRGOCAsw&ctype=5&q=&ved=0ahUKEwiq0IPd_ZT8AhUk1TgGHS6kA5IQ9A4IzBY&adurl=
Samsung S9 4Gb 64Gb (Certified Refurbished) (Very Good),https://encrypted-tbn1.gstatic.com/shopping?q=tbn:ANd9GcSQ6wJP2uZeOf5M0J2IG267ekAsFBNEmV-YrhqYpkn07EkVLrxQ8bBwBopZfxW6Rdu_iP_cVUfYr_KIfz0rlMxBPSHnBKyioiub6Oblhwc&usqp=CAE,"₹17,490.00 ",Refurbished_mobile,Best of Indian Products,Free returns,2022-12-25 20:00:37.475433,https://www.google.com/aclk?sa=l&ai=DChcSEwjtn4nd_ZT8AhXbfCsKHQspDRAYABBxGgJzZg&sig=AOD64_2NFJ65qSoW_RlgbNJrGVbI5lMzjg&ctype=5&q=&ved=0ahUKEwiq0IPd_ZT8AhUk1TgGHS6kA5IQ9A4I0BY&adurl=
"SAMSUNG Galaxy S21 FE 5G (8GB RAM, 128GB, Lavender)",https://encrypted-tbn0.gstatic.com/shopping?q=tbn:ANd9GcSoR6jNgEW24iXPB2dk1eRKrcVinE6UwEI8HLwUYsCxa4DS3HIQRh-j0HXcnos6qFHYIOvJVvX4WcM2k4RH0PwEfuSzQVhjkizkj0dU_yToz-mZVRBQHRHIxg&usqp=CAE,"₹57,999.00",--,Croma,Free delivery,2022-12-25 20:00:37.475433,https://www.google.com/aclk?sa=l&ai=DChcSEwjtn4nd_ZT8AhXbfCsKHQspDRAYABBzGgJzZg&sig=AOD64_1qE_7uFliljtdkRo2uHobbVZs-8w&ctype=5&q=&ved=0ahUKEwiq0IPd_ZT8AhUk1TgGHS6kA5IQ9A4I1BY&adurl=
"Samsung Galaxy S20 FE 5G 128 GB (Cloud Navy, 8 GB RAM)",https://encrypted-tbn3.gstatic.com/shopping?q=tbn:ANd9GcS8p_0qSMu0-OzKen2LLoK4CdpBJ_0OZWw7TiA8HbhXU3bIb_my6L8CxOXbyYTOjwNyay40R-tyvculUYer7bdH2pigiSJU5CroJ5neYw&usqp=CAE,"₹33,448.00",--,Gadgets Now,Free delivery,2022-12-25 20:00:37.475433,https://www.google.com/aclk?sa=l&ai=DChcSEwjtn4nd_ZT8AhXbfCsKHQspDRAYABB1GgJzZg&sig=AOD64_1Yk90KIRZCkgt3XjRLp4nhbAOiKw&ctype=5&q=&ved=0ahUKEwiq0IPd_ZT8AhUk1TgGHS6kA5IQ9A4I1xY&adurl=
"Samsung Galaxy S21 5G 128 GB (Phantom Violet, 8 GB RAM)",https://encrypted-tbn3.gstatic.com/shopping?q=tbn:ANd9GcQFPkg0a9zn89cwOqM724HrnyhVkqMAngOg-9FZrRmq90els8CYz0FB3NeY36-Rx9Xc7cyTdCIWJ81GV6ZKarNMwUcVu1B-5lWvpc-8Rv4&usqp=CAE,"₹51,999.00",--,Gadgets Now,Free delivery,2022-12-25 20:00:37.475433,https://www.google.com/aclk?sa=l&ai=DChcSEwjtn4nd_ZT8AhXbfCsKHQspDRAYABB3GgJzZg&sig=AOD64_1sOaxNhyE_W2yVmPi06Gb5ZRtMcA&ctype=5&q=&ved=0ahUKEwiq0IPd_ZT8AhUk1TgGHS6kA5IQ9A4I2hY&adurl=
"Samsung Galaxy A32 128 GB (Awesome Blue, 6 GB RAM)",https://encrypted-tbn0.gstatic.com/shopping?q=tbn:ANd9GcTZvZ5OHmK1DGEPJdZM5IG6b6GqnLNJR43CSHOFqIwflwWpGnOXmdOFoeeD4F8OQYRCndFq2HuwJiIUsCqobyjmuEfe05KIi7smhht86fQ&usqp=CAE,"₹19,999.00",--,Gadgets Now,Free delivery,2022-12-25 20:00:37.475433,https://www.google.com/aclk?sa=l&ai=DChcSEwjtn4nd_ZT8AhXbfCsKHQspDRAYABB5GgJzZg&sig=AOD64_3tQ_mXNfD7L7pyDHqgk0v9uSffdQ&ctype=5&q=&ved=0ahUKEwiq0IPd_ZT8AhUk1TgGHS6kA5IQ9A4I3RY&adurl=
"SAMSUNG GALAXY S10E (PRISM BLACK, 128 GB, 6 GB RAM) REFURBISHED",https://encrypted-tbn0.gstatic.com/shopping?q=tbn:ANd9GcRC6mRJfU-Si0ttvvD8ntjwU_VEB-Auf9bfrlRJOHFVme73aLMrUfqkVqWoWEcCnkttDsx29OzBgPPPKMiFA38_m4q9aY3la1zRZBIL0C8&usqp=CAE,"₹14,999.00 ",Refurbished_mobile,Hi laptop.com,Free delivery,2022-12-25 20:00:37.475433,https://www.google.com/aclk?sa=l&ai=DChcSEwjtn4nd_ZT8AhXbfCsKHQspDRAYABB7GgJzZg&sig=AOD64_1frLu475IaGQFOjnFvDkfVvm9TBA&ctype=5&q=&ved=0ahUKEwiq0IPd_ZT8AhUk1TgGHS6kA5IQ9A4I4BY&adurl=
"Samsung Galaxy M04 64 GB (Shadow Blue, 4 GB RAM)",https://encrypted-tbn1.gstatic.com/shopping?q=tbn:ANd9GcQLze87fWVxn0GWD91s9vXWQrxSWx0EvwmcJSqKJRNJApxVQuMxX15BmgDrjtalg-T6A4EkDOou-Vp4WFpgqPbMOTGKMrEuozHMgfnxZw&usqp=CAE,"₹10,499.00",--,Gadgets Now,Free delivery,2022-12-25 20:00:37.475433,https://www.google.com/aclk?sa=l&ai=DChcSEwjtn4nd_ZT8AhXbfCsKHQspDRAYABB9GgJzZg&sig=AOD64_3p0ceAHWUpu7dl8OgTaaJCVdDf7A&ctype=5&q=&ved=0ahUKEwiq0IPd_ZT8AhUk1TgGHS6kA5IQ9A4I5BY&adurl=
Samsung S9 4Gb 64Gb (Certified Refurbished) (Very Good),https://encrypted-tbn3.gstatic.com/shopping?q=tbn:ANd9GcTP1MsHoYMZB1GzmXUoCgO4j2AwQgidswCJvHHl7-LUQj0Rik0d0-FsYNa0l1NFz9w0XcWU6y8Y8hxtcI-HRejouwXCot5NUwQcb1WLp0q2Mb4Pi7RgoB_ZspI&usqp=CAE,"₹20,490.00 ",Refurbished_mobile,WizeKart,Free delivery,2022-12-25 20:00:37.475433,https://www.google.com/aclk?sa=l&ai=DChcSEwjtn4nd_ZT8AhXbfCsKHQspDRAYABB_GgJzZg&sig=AOD64_0_OVicCtitAelKiQsyHu7EEfeKhQ&ctype=5&q=&ved=0ahUKEwiq0IPd_ZT8AhUk1TgGHS6kA5IQ9A4I5xY&adurl=
"Refurbished Samsung Galaxy Note 10 Plus (Aura Glow, 256GB, 12GB RAM)",https://encrypted-tbn0.gstatic.com/shopping?q=tbn:ANd9GcRrZchRjjtOfXTGLtngHnvq1re9s8vSC2Y3LOIxCYvWu1JGirjzqdoj3A81P4YWRi4h03-5xzWnbTTht4mAZ38gkDKPqYJMEhGVnvmySeA&usqp=CAE,"₹69,998.00 ",Refurbished_mobile,Gadgets Now,Free delivery,2022-12-25 20:00:37.475433,https://www.google.com/aclk?sa=l&ai=DChcSEwjtn4nd_ZT8AhXbfCsKHQspDRAYABCBARoCc2Y&sig=AOD64_1z_jmqM8WSKXd2cT9CsH-T8E6oNQ&ctype=5&q=&ved=0ahUKEwiq0IPd_ZT8AhUk1TgGHS6kA5IQ9A4I6xY&adurl=
"Samsung Galaxy M42 5G (Prism Dot Gray, 128GB, 6GB RAM)",https://encrypted-tbn2.gstatic.com/shopping?q=tbn:ANd9GcQACekPoqYUMisxUHFPyQfQiEw5UWZSrJ3dQ4RZfRb3tZej2X_k3jp2oHD1b5WoqCaWRD-4JbBXgRhc96V1OtpmBVod8Sq_x5wnxSSEyUY&usqp=CAE,"₹24,999.00",--,Gadgets Now,Free delivery,2022-12-25 20:00:37.475433,https://www.google.com/aclk?sa=l&ai=DChcSEwjtn4nd_ZT8AhXbfCsKHQspDRAYABCDARoCc2Y&sig=AOD64_1MjBk1riv7lrGgX410EGww-pIaWg&ctype=5&q=&ved=0ahUKEwiq0IPd_ZT8AhUk1TgGHS6kA5IQ9A4I7xY&adurl=
"Samsung Galaxy S22 Ultra 5G (Burgundy, 12GB, 256GB Storage) with No Cost EMI/Additional Exchange Offers",https://encrypted-tbn2.gstatic.com/shopping?q=tbn:ANd9GcT9jGZPh-HiXAVEf3VF88FYJGuGMPxmr0Q1ytTEO_Evlw9nzR66EU4-6FDRTuioebhfygz-8_xI8w_48gQtjoD6CsL8aM1qj4c9kM8gal76x3iy1qZow731&usqp=CAE,"₹1,09,999.00",--,Amazon.in,Free delivery,2022-12-25 20:00:37.475433,https://www.google.com/aclk?sa=l&ai=DChcSEwjtn4nd_ZT8AhXbfCsKHQspDRAYABCFARoCc2Y&sig=AOD64_1M8CDIkR_8_bFKfshbB8bwSlmvHw&ctype=5&q=&ved=0ahUKEwiq0IPd_ZT8AhUk1TgGHS6kA5IQ9A4I8hY&adurl=
"Samsung Galaxy S10 128 GB (Prism White, 8 GB RAM)",https://encrypted-tbn1.gstatic.com/shopping?q=tbn:ANd9GcQ4IeqpjxWFCycREQ6KZL9Rycm0KdvsAc7qdU9g07qeDQCu6kPhZ7zLbGo-eEjcRWHDVQOjuqm1mVrDbu36PYqjCEPIhWztHIdbLnJNNA&usqp=CAE,"₹71,000.00",--,Gadgets Now,Free delivery,2022-12-25 20:00:37.475433,https://www.google.com/aclk?sa=l&ai=DChcSEwjtn4nd_ZT8AhXbfCsKHQspDRAYABCHARoCc2Y&sig=AOD64_3VI4frRxH9ZH6CoiMRNfSVlyqBiw&ctype=5&q=&ved=0ahUKEwiq0IPd_ZT8AhUk1TgGHS6kA5IQ9A4I9RY&adurl=
"Samsung Galaxy S22 | 8GB |128GB |15.39cm (6.1"") Bora Purple | Infinity-O Displays | 3700mAh Battery",https://encrypted-tbn3.gstatic.com/shopping?q=tbn:ANd9GcTgCBy8__Z11X9l-jJ4TLY5ZxVPRtgjxeLhTDY1KYRlZH5JZ4Ebo8lujaImYX1KNqluiXE1LrOOkUp7j6oRlbX81AnNsXX778Jt_F9A2h5rlxXVYdOudaJt&usqp=CAE,"₹67,999.00",--,Samsung.com,"(6,139)",2022-12-25 20:00:37.475433,https://www.google.com/aclk?sa=l&ai=DChcSEwjtn4nd_ZT8AhXbfCsKHQspDRAYABCJARoCc2Y&sig=AOD64_0sh23XqK1EblgAgR136EhgFkZFgA&ctype=5&q=&ved=0ahUKEwiq0IPd_ZT8AhUk1TgGHS6kA5IQ9A4I-BY&adurl=
"SAMSUNG Galaxy A33 5G (8GB RAM, 128GB, Awesome Blue)",https://encrypted-tbn3.gstatic.com/shopping?q=tbn:ANd9GcS_enIyFMQ0Vm5qghuU3nWRYbmp0dBdVXXXLqxPdLHcEGHpCYNMTOGVUVCeyrqFxnc9iY7QrPsWsE84KJyi0oYY3bZqLP5XqBN7vFMeCBSbEO9Yq7FTmUq3&usqp=CAE,"₹27,499.00",--,Croma,Free delivery,2022-12-25 20:00:37.475433,https://www.google.com/aclk?sa=l&ai=DChcSEwjtn4nd_ZT8AhXbfCsKHQspDRAYABCLARoCc2Y&sig=AOD64_0I5DZFqLthxM9rddXbnFO1XHftAA&ctype=5&q=&ved=0ahUKEwiq0IPd_ZT8AhUk1TgGHS6kA5IQ9A4I_BY&adurl=
"Samsung Galaxy M02 32 GB (Blue, 2 GB RAM)",https://encrypted-tbn3.gstatic.com/shopping?q=tbn:ANd9GcRUvKGvy2mzVyA2stlFJvTiSFtDhgsr9q6UeUi_XgU_UcuynNL3B_HNwX9vDOGeTYB5c87rvg7VAFg-bnYCDE8Rd2GuoubsY8CSPv6y8VQ&usqp=CAE,"₹8,199.00",--,Gadgets Now,Free delivery,2022-12-25 20:00:37.475433,https://www.google.com/aclk?sa=l&ai=DChcSEwjtn4nd_ZT8AhXbfCsKHQspDRAYABCNARoCc2Y&sig=AOD64_2d2ijLJsNRpb7SPatjD8xi24zmFA&ctype=5&q=&ved=0ahUKEwiq0IPd_ZT8AhUk1TgGHS6kA5IQ9A4I_xY&adurl=
"Samsung Galaxy S10 Plus 1 TB (Ceramic White, 12 GB RAM)",https://encrypted-tbn1.gstatic.com/shopping?q=tbn:ANd9GcRdB8E6HOdGdecNbvVAwCMS5VzBGh5B_U_oPRMI_pznUfVuBr57CFwSO6WNdG4SncJVEPBSurJ6sdpW4Sepibfo0pI6-2vDLGq6JTyZwA&usqp=CAE,"₹1,29,000.00",--,Gadgets Now,Free delivery,2022-12-25 20:00:37.475433,https://www.google.com/aclk?sa=l&ai=DChcSEwjtn4nd_ZT8AhXbfCsKHQspDRAYABCPARoCc2Y&sig=AOD64_3XlhLS2AkH-r31qgpfry0tBqjP_A&ctype=5&q=&ved=0ahUKEwiq0IPd_ZT8AhUk1TgGHS6kA5IQ9A4Ighc&adurl=
"Samsung A13 (4 GB RAM, 64 GB ROM, Green)",https://encrypted-tbn3.gstatic.com/shopping?q=tbn:ANd9GcRabKcGcCR-gpwqBXSlKue9GF42AskTXWTCiqwqp2U_OYnBD6eLDYzrVkXMgnOlwlgDepye08I5SN0-fhJyXaCDPh5ryQ6HQHawv4EiZD-r_u_2f206D36Jhw&usqp=CAE,"₹14,499.00",--,Vijay Sales,Free delivery,2022-12-25 20:00:37.475433,https://www.google.com/aclk?sa=l&ai=DChcSEwjtn4nd_ZT8AhXbfCsKHQspDRAYABCRARoCc2Y&sig=AOD64_3P2ZE5TpCe_C-wXZBVZjGKTibF3g&ctype=5&q=&ved=0ahUKEwiq0IPd_ZT8AhUk1TgGHS6kA5IQ9A4IhRc&adurl=
"Samsung Galaxy S20 Plus 128 GB (Cosmic Black, 8 GB RAM) s20+",https://encrypted-tbn3.gstatic.com/shopping?q=tbn:ANd9GcSrMTD2oFqNvAf_7m0ms2hUbB-OJVxy15p9OemSWv1XdYFMEj4irohUxzsacocJ96dY2PV3TTJMaGaHr2C7RRJI4crPwCl-G9F5KrPR0pcV&usqp=CAE,"₹23,999.00 ",Refurbished_mobile,Hi laptop.com,Free delivery,2022-12-25 20:00:37.475433,https://www.google.com/aclk?sa=l&ai=DChcSEwjtn4nd_ZT8AhXbfCsKHQspDRAYABCTARoCc2Y&sig=AOD64_3Js5rII_az9QClpO5g6eZiBgvFzQ&ctype=5&q=&ved=0ahUKEwiq0IPd_ZT8AhUk1TgGHS6kA5IQ9A4IiBc&adurl=
"Samsung Galaxy A22 5G 128 GB (Gray, 8 GB RAM)",https://encrypted-tbn0.gstatic.com/shopping?q=tbn:ANd9GcRF_rpmW2gR0PplzJVNZxjWX3ZMCe8bu_S2uW936cgPiqb21e7QRczY6pa-avMzFqildL1fQdzl5hsQU3_D2npi3KQp5CkIc1MHt_aOcrM&usqp=CAE,"₹20,999.00",--,Gadgets Now,Free delivery,2022-12-25 20:00:37.475433,https://www.google.com/aclk?sa=l&ai=DChcSEwjtn4nd_ZT8AhXbfCsKHQspDRAYABCVARoCc2Y&sig=AOD64_1nxk0vlIjsXdP8UEFREFUyjhSD6w&ctype=5&q=&ved=0ahUKEwiq0IPd_ZT8AhUk1TgGHS6kA5IQ9A4IjBc&adurl=
"Samsung Galaxy F62 128 GB (Laser Blue, 6 GB RAM)",https://encrypted-tbn1.gstatic.com/shopping?q=tbn:ANd9GcTJReqryjuE9DE_0UQhlvhn8g0z-fg4XhYuKdTIRviOCgv-SgnBAxwO6Lg_OVahw5dv3HVRy-dZ6EPU_byv0k2G0_BADkQQpWyrP4QP9A&usqp=CAE,"₹29,999.00",--,Gadgets Now,Free delivery,2022-12-25 20:00:37.475433,https://www.google.com/aclk?sa=l&ai=DChcSEwjtn4nd_ZT8AhXbfCsKHQspDRAYABCXARoCc2Y&sig=AOD64_16DWfoB_B6E_-H0wKqp0DdoKT0PQ&ctype=5&q=&ved=0ahUKEwiq0IPd_ZT8AhUk1TgGHS6kA5IQ9A4Ijxc&adurl=
"Samsung Galaxy M20 64GB (Charcoal Black, 4GB RAM)",https://encrypted-tbn0.gstatic.com/shopping?q=tbn:ANd9GcQ5CzByKUEkE7ZpgLfhFza1FKa1znjrDAIs_iCCd14KvDH_dXhtBpsk4sE2w3Ufl8jWJVCt3_YshKeWnUknz83fsKzYK9NwiW9JY2hnAD9FMhHgTeGDaY-b&usqp=CAE,"₹11,990.00",--,Gadgets Now,Free delivery,2022-12-25 20:00:37.475433,https://www.google.com/aclk?sa=l&ai=DChcSEwjtn4nd_ZT8AhXbfCsKHQspDRAYABCZARoCc2Y&sig=AOD64_330c7t-Ik17kC9kesDg-75Ao9N4Q&ctype=5&q=&ved=0ahUKEwiq0IPd_ZT8AhUk1TgGHS6kA5IQ9A4Ikhc&adurl=
"Samsung Galaxy F23 5G | 4GB |128GB |16.72cm (6.6"") Aqua Blue | FHD+ Infinity-U Display | Snapdragon 750G Processor | Voice Focus|5000mAh Battery",https://encrypted-tbn1.gstatic.com/shopping?q=tbn:ANd9GcRywxt-83ZmA7g-o_0kHh3Z7TSbcEtaVtHPA2sRk5QeQ0NZwDhrOmllvSpXcj0v8iq_Hl3JpXnuSYP0XZ8a-qT-8KP-mF0p3mxxuARLUuKiapedIfCo5TmT&usqp=CAE,"₹14,999.00",--,Samsung.com,(63),2022-12-25 20:00:37.475433,https://www.google.com/aclk?sa=l&ai=DChcSEwjtn4nd_ZT8AhXbfCsKHQspDRAYABCbARoCc2Y&sig=AOD64_2VWMF_unCzGs74QqCCXLY41pUC1A&ctype=5&q=&ved=0ahUKEwiq0IPd_ZT8AhUk1TgGHS6kA5IQ9A4IlRc&adurl=
SALE,https://encrypted-tbn3.gstatic.com/shopping?q=tbn:ANd9GcQztKAkpsHj8h9_uPqjEtOUlwp_NvN7Y--GKWkN5vOMljjbkaqCnxekxHlpxRjUMc6Ad3jKenFsbMx_fm0tbpn1EbkC-Cn7Asit0jrOfrpQUbq9MWJmx2d2iQ&usqp=CAE,"SAMSUNG Galaxy S22 5G (8GB RAM, 128GB, Green)",--,"₹67,999.00₹72,999.00",Croma,2022-12-25 20:00:37.475433,https://www.google.com/aclk?sa=l&ai=DChcSEwjtn4nd_ZT8AhXbfCsKHQspDRAYABCdARoCc2Y&sig=AOD64_2_SKCWMWQL6IcxqEJ8TwairpFQTg&ctype=5&q=&ved=0ahUKEwiq0IPd_ZT8AhUk1TgGHS6kA5IQ9A4ImRc&adurl=
"Samsung Galaxy Note 20 256 GB (Mystic Bronze, 8 GB RAM)",https://encrypted-tbn3.gstatic.com/shopping?q=tbn:ANd9GcSkiMmYznjAf6ExJIzY-Kt9cvHXdfkJCbacVUnZPYZoR7ONemGUOwLFFQqSk4MZKIqu79FpKu8JrF1kqKXJFQJEex_4kOoU0AI7Qje2Kw&usqp=CAE,"₹86,000.00",--,Gadgets Now,Free delivery,2022-12-25 20:00:37.475433,https://www.google.com/aclk?sa=l&ai=DChcSEwjtn4nd_ZT8AhXbfCsKHQspDRAYABCfARoCc2Y&sig=AOD64_1L-EWcY-mZzjmQbegE55_Pd3z2KA&ctype=5&q=&ved=0ahUKEwiq0IPd_ZT8AhUk1TgGHS6kA5IQ9A4InRc&adurl=
